evid,event_type,waveform_id,arrival_s,onset_offset_s,onset_status,peak_delay_s,peak_ratio,background,local_background_ratio,coda_end_s,coda_censored,censor_reason,gap_in_coda,tau_s
evid00002,impact_mq,evid00002,73500.0,-74.94339622641564,ok,483.69811320754525,16.649788442887097,2.0323642124908004e-10,0.2469476722229134,4632.830188679247,False,,False,1957.8300955844657
evid00003,impact_mq,evid00003,12720.0,nan,none,845.433962264151,6.7325082181988405,2.899308447702235e-10,0.7941788196104047,2569.66037735849,False,,False,1420.518687533447
evid00004,impact_mq,evid00004,73020.0,148.90566037736426,ok,545.2830188679218,10.155445429049811,2.303897937342506e-10,0.8817270691649651,3600.6792452830123,False,,False,1880.4025069020677
evid00006,impact_mq,evid00006,4440.0,267.6226415094343,ok,854.0377358490568,12.768959875777034,2.0990484852519737e-10,1.136139465780932,4035.6226415094334,False,,False,1716.1855171228935
evid00007,deep_mq,evid00007,52140.0,173.3584905660391,ok,380.0,8.039515468960778,2.3830991037728006e-10,1.0195171022627805,4744.07547169811,False,,False,3136.865729746351
evid00008,impact_mq,evid00008,68400.0,58.415094339623465,ok,668.8301886792469,34.142929718127085,2.0587441379286597e-10,1.2393043792421894,3958.9433962264156,False,,False,1159.5487163223465
evid00009,impact_mq,evid00009,72060.0,69.50943396225921,ok,845.9622641509486,77.28895769918996,2.969514369183401e-10,0.9390018796819588,6547.3962264150905,False,,False,1560.1542946698953
evid00010,impact_mq,evid00010,18360.0,48.75471698113324,ok,513.5094339622628,37.762187070973084,2.0073193160929172e-10,1.1920401340871043,6844.67924528302,False,,False,2154.8069150509095
evid00011,deep_mq,evid00010,42240.0,43.92452830188995,ok,184.0,13.328258917611185,2.0073193160929172e-10,1.8173814958494519,3295.547169811318,False,,False,1640.4716866035092
evid00013,impact_mq,evid00013,71820.0,219.69811320754525,ok,1093.811320754714,10.26378813252862,2.0608277956902404e-10,1.1017161728472316,3488.6792452830123,False,,False,1464.3257833089513
evid00014,impact_mq,evid00014,41460.0,nan,none,420.1509433962274,6.484090323742146,2.306484319638343e-10,1.4241861638732864,3598.4150943396235,False,,False,2702.136020476437
evid00015,impact_mq,evid00015,46200.0,nan,none,989.7358490566039,23.576473796084684,1.0276692578335748e-10,2.2480825985426676,15841.509433962266,False,,False,6019.926462058494
evid00017,impact_mq,evid00017,26520.0,nan,none,798.9433962264156,8.248251995552378,2.1417122171554144e-10,1.0,3375.698113207549,False,,False,1818.645042017537
evid00019,deep_mq,evid00019,74040.0,107.47169811320782,ok,341.1320754717017,10.135970150806772,2.4363410111176934e-10,1.0017679958599666,2945.358490566039,False,,False,1604.6317741822281
evid00021,deep_mq,evid00021,56460.0,-573.3584905660391,ok,264.9811320754743,9.067443084109891,2.4419516413444686e-10,1.0100224761371828,2368.830188679247,False,,False,1391.8551236337405
evid00022,impact_mq,evid00022,45600.0,23.849056603772624,ok,967.5471698113179,26.01950279209164,9.252233781462559e-11,0.27134860270459954,7177.207547169812,False,,False,2420.260495426038
evid00023,deep_mq,evid00023,53940.0,92.60377358490223,ok,228.0,7.344212644293941,2.4422730170168806e-10,1.0176536556361673,2052.905660377357,False,,False,1402.9475432359336
evid00024,impact_mq,evid00024,66060.0,216.83018867924693,ok,671.6226415094279,6.302018732862219,2.462180590273099e-10,1.016392381296575,2560.981132075467,False,,False,1646.1800989406172
evid00026,impact_mq,evid00026,13320.0,nan,none,687.0943396226412,23.63646843929218,7.682829242564627e-11,3.086280526502195,18336.905660377357,False,,False,7146.703774475127
evid00028,impact_mq,evid00028,55080.0,nan,none,734.3396226415061,6.824128228262324,2.1950317513340812e-10,1.104644608941884,3448.3018867924548,False,,False,2211.2961320491754
evid00030,shallow_mq,evid00030,25440.0,69.28301886792542,ok,430.6415094339609,54.33891772198458,2.319901269065758e-10,0.8527854058390966,5831.5471698113215,False,,False,1635.600460682669
evid00031,impact_mq,evid00031,29100.0,37.962264150944975,ok,244.90566037735698,16.17242049044467,2.388123236389169e-10,1.0227837839404985,1744.5283018867922,False,,False,717.4678101627833
evid00032,impact_mq,evid00031,35100.0,87.77358490566257,ok,519.92452830189,16.246708846758263,2.388123236389169e-10,1.0138231279646015,4773.962264150941,False,,False,2030.8158948653588
evid00033,impact_mq,evid00033,10800.0,nan,none,813.132075471698,4.6467833542539445,2.722069636231851e-10,0.842687206161668,1968.4528301886785,False,,False,1370.4416568361178
evid00034,impact_mq,evid00034,80400.0,28.83018867924693,ok,547.6226415094279,253.14660185829447,1.9890114845573265e-10,1.1429506254535649,6003.471698113208,True,file_end,False,nan
evid00035,impact_mq,evid00035,39060.0,54.86792452829832,ok,408.9811320754743,216.70251685147437,2.8968075392554287e-10,1.1605865693836561,10993.283018867922,False,,False,2259.006874874573
evid00042,impact_mq,evid00042,32220.0,66.33962264150978,ok,685.811320754714,7.257153263913898,1.5595771582180236e-10,0.32223579479624753,3300.3018867924548,False,,False,2028.560282878638
evid00043,impact_mq,evid00043,11940.0,256.5283018867922,ok,998.867924528302,10.018033361525784,2.2727510912769523e-10,1.0829695641329606,4251.698113207547,False,,False,2018.837011677686
evid00044,impact_mq,evid00044,65280.0,27.320754716980446,ok,485.73584905659663,124.94957933439429,1.706163071258901e-10,0.8409863067187647,7862.339622641506,False,,False,1784.0450776167213
evid00045,impact_mq,evid00045,19800.0,148.3773584905648,ok,1016.6037735849059,14.673705326118457,1.8812964266131225e-10,0.9085450529536532,4851.471698113208,False,,False,1924.2554882157854
evid00046,impact_mq,evid00046,15420.0,148.0,ok,558.4150943396235,6.79244264497463,2.1935187863947196e-10,0.7438192226999688,3029.8113207547176,False,,False,2021.3217717271084
evid00049,impact_mq,evid00049,23700.0,114.33962264150978,ok,932.4528301886785,10.304043233435674,2.1238260713414347e-10,0.5669902683170429,3501.962264150945,False,,False,1567.3578050431647
evid00052,impact_mq,evid00052,64800.0,260.5283018867922,ok,541.5849056603765,7.824593586558319,1.7650205331908598e-10,1.228870985617137,2216.7547169811296,False,,False,1228.018166973898
evid00055,impact_mq,evid00055,48900.0,-777.2830188679218,ok,1331.8490566037726,1216.827704239312,2.6507672998344977e-12,1.8471343238969093,16347.094339622643,False,,False,2342.1594333723115
evid00060,impact_mq,evid00060,58260.0,nan,none,947.8490566037726,9.05130109882184,1.747382219705393e-10,1.0491135380441396,3565.9622641509413,False,,False,1734.1238959233806
evid00067,impact_mq,evid00067,28200.0,238.1886792452824,ok,834.5660377358508,8.660791731365276,2.3285218362820594e-10,1.0120402291831263,3221.5849056603765,False,,False,1628.6318510443082
evid00068,impact_mq,evid00067,78960.0,137.9622641509486,ok,1721.358490566039,58.16143972647346,2.3285218362820594e-10,1.0480902801468148,7439.84905660378,True,file_end,False,nan
evid00070,impact_mq,evid00070,8580.0,253.50943396226467,ok,713.7358490566039,8.557807783656367,2.0919953583073988e-10,1.1721291821491244,3149.962264150943,False,,False,1675.8833660932646
evid00071,impact_mq,evid00071,65280.0,228.3773584905648,ok,962.2641509434034,16.705080169562752,2.533066146432089e-10,0.4666115018447816,4916.679245283012,False,,False,1863.0354315170962
evid00083,impact_mq,evid00083,28680.0,nan,none,800.7547169811332,4.486015527045089,2.420965017383128e-10,0.9697181260968347,2230.037735849055,False,,False,1769.3137810961978
evid00084,impact_mq,evid00084,9480.0,nan,none,691.1698113207549,5.663688733153306,2.2293582440425322e-10,1.0774543315559477,2563.9245283018863,False,,False,1799.1199419596176
evid00088,impact_mq,evid00088,82860.0,nan,none,563.5471698113251,10.259803838739426,9.794189346745226e-11,1.9738917742729607,2671.3207547169877,False,,False,1289.0899248342294
evid00091,impact_mq,evid00091,2640.0,223.5471698113206,ok,702.0377358490564,13.450803029141966,7.124346155913215e-11,1.5894153437768763,18240.905660377357,False,,False,9202.44764313596
evid00093,deep_mq,evid00093,26100.0,207.32075471698045,ok,273.13207547169804,5.5213473144578105,1.5284686706774067e-10,1.262569910764592,2101.8113207547176,False,,False,1800.8121656646576
evid00094,shallow_mq,evid00094,28860.0,31.16981132075307,ok,445.6603773584902,192.3959359446882,2.092630594413142e-10,1.0659803688242402,6235.698113207545,False,,False,1267.9632302921082
evid00097,impact_mq,evid00097,69780.0,152.07547169811733,ok,414.7169811320782,8.620607862938686,2.455323732528341e-10,1.0746699336916692,3608.528301886792,False,,False,2186.0321120724197
evid00104,impact_mq,evid00104,2640.0,42.867924528301955,ok,124.37735849056617,16.688561683037268,1.7382875672887693e-10,0.13393104620749677,898.867924528302,False,,False,365.0542941335251
evid00107,impact_mq,evid00107,9480.0,-616.6037735849059,ok,1072.7547169811314,69.18408867548439,1.698587327152378e-11,0.8793746509727991,18847.849056603773,False,,False,5016.078378553556
evid00108,deep_mq,evid00107,40200.0,-491.16981132075307,ok,266.56603773585084,89.75838401399889,1.698587327152378e-11,1.3597200917939218,37473.50943396226,False,,False,9781.071289183148
evid00109,impact_mq,evid00109,6120.0,nan,none,469.13207547169804,5.126997925847796,1.6057431121452408e-10,1.3272541511093447,2920.603773584906,False,,False,2604.144603341337
evid00112,impact_mq,evid00112,66960.0,111.2452830188704,ok,665.5094339622592,6.038060965943986,2.13857021677878e-10,0.40219955932248647,3225.9622641509486,False,,False,2317.286625471499
evid00113,impact_mq,evid00113,65700.0,-549.0566037735844,ok,870.4150943396235,27.48355429805161,5.74621353901713e-11,0.5936031707180948,7855.169811320753,False,,False,2665.4886451059965
evid00114,impact_mq,evid00114,9960.0,-532.0754716981137,ok,1550.1886792452824,41.72620012651534,2.6342706638437957e-11,0.5293328875778682,31730.71698113208,False,,False,9934.399806130135
evid00117,deep_mq,evid00117,68520.0,152.0,ok,218.41509433962347,6.377487580844138,1.6789243131285857e-10,1.3923071312252921,1860.981132075467,False,,False,1416.4606176296115
evid00120,impact_mq,evid00120,3120.0,-630.7924528301887,ok,196.07547169811323,297.7795445339318,2.7124757411866726e-11,0.47055361749955305,13940.67924528302,False,,False,2747.1591396178674
evid00121,impact_mq,evid00121,84660.0,-796.6037735849095,ok,571.6981132075452,25.944810442524552,3.192428549045805e-11,1.1842020613663644,1739.2452830188704,True,file_end,False,nan
evid00127,impact_mq,evid00127,44220.0,215.92452830188995,ok,692.905660377357,11.67964688963691,1.888077230315525e-10,0.988802201704822,5482.792452830188,False,,False,2714.277361988217
evid00136,impact_mq,evid00136,84060.0,nan,none,734.1132075471687,7.601548701487577,1.9245902222314902e-10,1.0444113930070533,2342.716981132078,True,file_end,False,nan
evid00137,impact_mq,evid00137,22860.0,111.32075471698045,ok,458.49056603773715,18.01005761740731,1.9598872879438603e-10,0.9766684250244475,6138.037735849055,False,,False,2584.2163263184902
evid00138,impact_mq,evid00138,81000.0,81.50943396225921,ok,381.58490566037653,55.37305829463705,2.3275133830619471e-10,0.9871991737469977,1963.018867924533,False,,False,476.19984503858444
evid00140,impact_mq,evid00140,61080.0,93.73584905660391,ok,885.2830188679218,25.016292804041477,5.0280375655091454e-11,0.7809454929611724,11211.622641509428,False,,False,4087.4053124418306
evid00141,impact_mq,evid00141,31200.0,70.94339622641564,ok,235.01886792452933,5.014187073027317,2.104360920335251e-10,0.5851994416589423,2148.6792452830196,False,,False,2082.04780809909
evid00142,impact_mq,evid00142,66840.0,-182.79245283019554,ok,345.20754716980446,39.68569289165707,9.713744672407153e-11,0.25047362144907664,7761.358490566039,False,,False,2482.108179512875
evid00144,deep_mq,evid00144,33480.0,159.84905660377262,ok,234.86792452829832,5.658587830961018,2.404391296146216e-10,0.9381955750244966,2160.0,False,,False,1851.0401566484325
evid00145,impact_mq,evid00145,51480.0,nan,none,830.7924528301883,4.293066930769765,2.3939201819718073e-10,1.0007047855765923,2273.660377358494,False,,False,1888.931062983849
evid00149,impact_mq,evid00149,1380.0,nan,none,722.7924528301887,3.3595450594035907,2.5685510068101565e-10,1.0,1330.6415094339623,False,,False,1171.9641943088272
evid00150,impact_mq,evid00150,10620.0,75.84905660377444,ok,821.9622641509432,11.02398592748452,1.7243153062489792e-10,0.7089637985056909,4516.150943396226,False,,False,2164.2344909245357
evid00151,impact_mq,evid00150,51240.0,nan,none,1108.2264150943374,5.717844083542864,1.7243153062489792e-10,1.342315702337223,3425.9622641509413,False,,False,2206.4331132530565
evid00152,shallow_mq,evid00152,3120.0,15.245283018868122,ok,499.7735849056603,12.28590853014201,2.0962824559812835e-10,0.43431805555383507,5138.716981132075,False,,False,2555.4611541100053
evid00153,impact_mq,evid00153,43500.0,nan,none,816.5283018867922,8.763708316742097,2.425061840088228e-10,1.012156548584913,3375.0188679245257,False,,False,1731.667766060943
evid00156,impact_mq,evid00156,63780.0,58.64150943396089,ok,376.5283018867922,40.16372245566598,6.476409574872352e-11,1.7663977528438202,21674.49056603774,False,,False,7099.753884297123
evid00191,impact_mq,evid00191,65700.0,120.67924528301228,ok,524.6037735849095,212.4913802617095,1.4200407702487288e-10,1.4053265068857839,10681.735849056597,False,,False,2176.95393828459
evid00192,impact_mq,evid00192,36300.0,12.452830188682128,ok,1142.8679245282983,191.38294035785978,2.841558336889962e-10,1.0536343038230997,10602.943396226416,False,,False,2074.064367019177
evid00196,impact_mq,evid00196,57780.0,44.150943396227376,ok,78.56603773585084,15.27000310583496,2.1725196152295319e-10,1.1805439525896877,845.6603773584939,False,,False,377.36904567456776
evid00198,impact_mq,evid00198,12240.0,88.30188679245293,ok,1649.8113207547176,6.04049805482058,2.097187244363387e-10,0.09318320492457839,4350.641509433961,False,,False,2443.439964072441
