waveform_id,fold,stratum,n_folds,seed
evid00002,4,impact_pos,5,42
evid00003,0,impact_weak,5,42
evid00004,1,impact_pos,5,42
evid00006,3,impact_pos,5,42
evid00007,1,deep,5,42
evid00008,4,impact_pos,5,42
evid00009,2,impact_pos,5,42
evid00010,4,deep,5,42
evid00013,1,impact_pos,5,42
evid00014,1,impact_weak,5,42
evid00015,4,impact_weak,5,42
evid00017,2,impact_weak,5,42
evid00019,0,deep,5,42
evid00021,4,deep,5,42
evid00022,0,impact_pos,5,42
evid00023,0,deep,5,42
evid00024,4,impact_pos,5,42
evid00026,2,impact_weak,5,42
evid00028,2,impact_weak,5,42
evid00030,1,shallow,5,42
evid00031,2,impact_pos,5,42
evid00033,3,impact_weak,5,42
evid00034,2,impact_pos,5,42
evid00035,3,impact_pos,5,42
evid00042,0,impact_pos,5,42
evid00043,2,impact_pos,5,42
evid00044,1,impact_pos,5,42
evid00045,0,impact_pos,5,42
evid00046,1,impact_pos,5,42
evid00049,3,impact_pos,5,42
evid00052,3,impact_pos,5,42
evid00055,2,impact_weak,5,42
evid00060,1,impact_weak,5,42
evid00067,1,impact_pos,5,42
evid00070,3,impact_pos,5,42
evid00071,0,impact_pos,5,42
evid00083,0,impact_weak,5,42
evid00084,4,impact_weak,5,42
evid00088,1,impact_weak,5,42
evid00091,4,impact_pos,5,42
evid00093,2,deep,5,42
evid00094,0,shallow,5,42
evid00097,0,impact_pos,5,42
evid00104,4,impact_pos,5,42
evid00107,3,deep,5,42
evid00109,0,impact_weak,5,42
evid00112,2,impact_pos,5,42
evid00113,2,impact_weak,5,42
evid00114,3,impact_weak,5,42
evid00117,3,deep,5,42
evid00120,3,impact_weak,5,42
evid00121,0,impact_weak,5,42
evid00127,4,impact_pos,5,42
evid00136,1,impact_weak,5,42
evid00137,4,impact_pos,5,42
evid00138,3,impact_pos,5,42
evid00140,2,impact_pos,5,42
evid00141,1,impact_pos,5,42
evid00142,3,impact_weak,5,42
evid00144,1,deep,5,42
evid00145,3,impact_weak,5,42
evid00149,4,impact_weak,5,42
evid00150,1,impact_pos,5,42
evid00152,2,shallow,5,42
evid00153,4,impact_weak,5,42
evid00156,2,impact_pos,5,42
evid00191,3,impact_pos,5,42
evid00192,0,impact_pos,5,42
evid00196,4,impact_pos,5,42
evid00198,0,impact_pos,5,42
